URL,Title,Body,Links found
http://base22.com/wps/portal/base22/blog/blog/designing-for-content-management-systems,,"<body>
 <body>  
  <div> 
   <div>  
    <div> 
     <div> 
      <div>   ABOUT US NEWS CONTACT  
      </div> 
     </div> 
    </div>  
    <div></div> 
    <div> 
     <div> 
      <div> 
       <div>  
        <div></div> 
        <div> What We Do  Plan Execute Insights   Services and Practices Blog What We Do  Plan Execute Insights   Services and Practices Blog About Us News Contact  
        </div> 
        <div>  
        </div> 
        <div> 
        </div> 
        <div>        
        </div> 
       </div> 
       <div>
        <div></div>
       </div> 
      </div> 
     </div> 
    </div>  
   </div>  
   <div> 
    <div> 
     <div> 
      <div> 
       <div></div>
       <div>
        Modern Web Development – Which JavaScript Framework is Right for My Organization?September 13, 2018
       </div>
       <div></div>
       <div>
        Carbon LDP Version 5 is Alive!October 2, 2018
       </div> 
       <div> 
        <div> 
         <div></div> 
         <div> 
          <div> Designing for Content Management Systems 
           <div> 
            <div>  Published by  Priscila Mendoza   on  September 24, 2018    
             <div>  
              <div>  
              </div> 
             </div> 
            </div> 
            <div> Categories  
             <div> Blog Content Management Customer Website Design Information Architecture User Experience Web Development
             </div> 
            </div> 
            <div> Tags  
             <div>  customerdesignenterpriseinformation architectureuser experienceweb content managementweb development  
             </div> 
            </div> 
           </div> 
          </div> 
         </div> 
         <div> 
          <div> 
           <div> 
            <div></div>
            <div></div>
            <div></div> 
           </div> 
          </div> 
         </div> 
        </div> 
       </div> 
       <div> 
        <div>
         <div>
          <div>
           <div>
            <div>
             <div>
              <div> 
               <p>Not all designs are created equal. Design maturity involves –among many other skills – the ability to identify the mindset and the underpinning principles from which a design deliverable should be thought and produced. At Base22, we create digital experiences that enable businesses and organizations to better communicate and engage with their audiences. This type of job usually includes working with Content Management Systems (CMS), since they are one of the tools behind portals with constant information updates. After working with clients coming from a variety of industries, needs and circumstances, we have found the following principles and considerations very useful.</p> FIRST THINGS FIRST, WHAT IS A CMS? 
               <p>I’ll use&nbsp;Jonathan Kahn‘s CMS definition because it is simple yet comprehensive: “… a CMS is a software application that allows non-technical people to create, edit, classify, compose, deliver, and manage web content.”&nbsp;A CMS provides the structure that adds semantic richness to content&nbsp;which enables users to search, filter, and find meaningful relationships between different pieces of information. Some content management systems also provide social capabilities among many, many other functionalities.</p> CMS MAIN FEATURES:  Content Management Systems&nbsp;allow&nbsp;non-technical people to create, edit, classify, compose, deliver, and manage digital&nbsp;content. 
               <p>The CMS landscape encompasses a great deal of options and finding the appropriate CMS for you organization will depend on a set of criteria including your content strategy, your transactional and security requirements, your budget, the size and spread of your audience, your editorial and technical capabilities just to mention a few. At Base22, we work mainly with IBM’s portfolio (WebSphere portal&nbsp;+&nbsp;Web&nbsp;Content&nbsp;Manager) and&nbsp;Liferay DXP, nonetheless the following design principles and lessons apply for most CMS platforms.&nbsp;</p>  1. WEAR YOUR ARCHITECT’S HAT 
               <p>Depending on the context, a designer’s mindset may shift from being a facilitator, to being a curator, a storyteller, and an architect – just to mention a few. These mindsets are not mutually exclusive, so designers might use more than one if necessary. When it comes to CMS work, designing from an architectural mindset isn’t just necessary, it’s convenient.What do I mean by designing from an architects’ mindset? Ryan Cramer in his article&nbsp;Design for CMS-Powered Web sites&nbsp;explains it with the following analogy: when architects design buildings they ought to consider how the space will suit and foster users’ future needs, therefore they create space structures in a way that can accommodate a variety of arrangements and purposes. In the same way, when designing for a CMS, designers need to consider the dynamic nature of site’s content, and the variety of publishing needs the organization may have over time.Designing sites from an architectural&nbsp;mindset means focusing not on a static output, but on creating&nbsp;a system ready to handle change. At the end, websites powered by CMS are a constant co-creation process involving the structure you as a designer provided and the content that your authors and final users submit.An example of how the architect mindset applies for a growing and changing environment is presented by Alejandro Aravena. In his&nbsp;TED Talk,&nbsp;Alejandro presents a new approach to social housing: build half of the house and leave the structure ready for the family to finish it. With CMS-powered portals, a similar approach is needed. Once you have a solid structure, authors will be in charge of keeping the portal alive and growing.</p> When designing for CMS, designers need to consider the dynamic nature of site’s contents, and the variety of publishing needs the organization may have over time.  2. CONTENT BEFORE PIXELS 
               <p>As indicated by its name, the main objective of a&nbsp;CMS&nbsp;is to manage digital content. Therefore, some of the aspects that designers need to consider before pushing any pixels, is to understand the variety and nature of the content&nbsp;included in the portal and the data elements included in each one of them. This process is know as content modeling. Having a clear understanding of the different content types and all the elements included in each one of them before providing any visual attributes&nbsp;will save you tons of time (and trouble) in the future.&nbsp;Now let’s briefly describe each one of these concepts.</p> Content types.&nbsp;Each content type is an information entity with a particular meaning or with a predefined set of criteria. Each content type is made out of different elements.&nbsp;Content elements.&nbsp;Are the building blocks or data points included in each content type.&nbsp;Media Type.&nbsp;Media type refers to the file formats available on portal. Video, text, images, pdfs, presentations, etc. All of them represent different media types.&nbsp; Having a clear understanding of the different content types and all the elements included in each one of them before providing any visual attributes, will save you tons of time (and trouble) in the future. 
               <p>Once you have defined the existing content types and their elements you can start with the process of designing templates. Designing for change and growth requires a level of detail that in the CMS world is embodied by the concept of templates. Your design templates will provide authors with a set of options from which they can choose based on their needs. Templates need to be just enough: not too many and not too few. Your work as a designer includes finding out the right balance for both, the amount of detail each template includes, and the number of template variations available in the portal.&nbsp;</p>  3. FUEL YOUR CONTENT WITH META INFORMATION 
               <p>What makes Content Management Systems so powerful is their ability to add&nbsp;semantic richness and meaningful connections to their content. Semantic and connected information allows for further discovery and provides users with a more complete story about a particular subject. For this reason, a really important aspect of design includes understanding and planning for the different semantic dimensions relevant to each content and how the system will enable content connections.</p> TAXONOMIES, TAGS, AND THE SEMANTIC RICHNESS 
               <p>A Taxonomy is a scheme for classifying things. Tags are some sort of “classification label” used to append meta information to a piece content. We commonly refer to as “tagging”&nbsp;the process of adding a taxonomy element to a particular content. There are many types of Taxonomies that can be applied to portal content, some examples include:</p> Topic Taxonomy:&nbsp;Adding a topic tag to indicate content’s subject matter&nbsp;Audience Taxonomy:&nbsp;Adding a audience tag to segment the users that should see the contentMedia Taxonomy:&nbsp;Adding a content media tag to indicate content’s type of file&nbsp;Portal Location Taxonomy:&nbsp;Adding a portal location tag to indicate where in the portal this content should be rendered.&nbsp; 
               <p>To determine all the applicable taxonomies to a&nbsp;portal’s&nbsp;content, designers need a clear understanding of the business needs, audiences, regions, etc. As well as the particular CMS capabilities and functionalities, since some semantic dimensions can be provided automatically by the system while others will require content authors participation.</p> Semantic and connected information allows for further discovery and provides users with a more complete story about a particular subject. 
               <p>Having a system that “knows” more about each piece&nbsp;of content is the foundation for designing future content connections. One example of this is when you have all your content&nbsp;tagged with their particular topic you can later design a way to filter all portal’s content based on their topics. A functionality like this creates more value for users.&nbsp;</p>  4. GET TO KNOW YOUR CMS 
               <p>As with any other design project, an understanding of all the actors, tools and elements involved is crucial. For this reason, it is essential that you get to know your CMS’s capabilities and limitations. As mentioned before, there are&nbsp;a plethora of CMS solutions available on the market encompassing an extremely wide range of functionality. However, from a designers perspective there are a couple of key dimensions to get to know your tool.</p> INFORMATION AND NAVIGATION STRUCTURE 
               <p>It is important that as designer you understand the type of information structure and navigation paths that your CMS can handle. Some useful questions in this area include:</p> 
               <p>Does my CMS allow for organization and navigation based on file location or&nbsp;does it provide&nbsp;a flat structure?&nbsp;</p> This question is particularly relevant, since it can determine&nbsp;whether or not you will be able to organically retrieve the data concerning where a particular piece of information is located. In a CMS with actual folder hierarchy, the information pieces can be retrieved based on the folder structure/site areas they belong to. Having parent-child relationships is applicable to rendering information on widgets as well as in navigation components.&nbsp;On the other hand, in CMS’s with flat structures files can be organized in folders as well, but that folder structure will not provide any hierarchy or “belonging” to your content and you’ll need to add a particular tag to map your portal locations.&nbsp; 
               <p>In the end, all of this meta-information are tags associated to information elements, but is important to know if your authors will need to add these tags or if the system will do it automatically, and to know what navigation resources will be easy to implement and which ones will require some front-end black magic.&nbsp;</p> 
               <p>Can all sites in the portal be integrated in a unified navigation?&nbsp;</p> This question may be applicable only to complex portals conformed by multiple sites. But if that’s the case, it is important to know if your final user’s experience will encompass a centralized navigation, will&nbsp;you have consistent elements regardless of where you are located, or if the navigation will change based on the context of the site you are in.  AUTHOR’S EDITING CAPABILITIES 
               <p>When getting to know your CMS it is important you understand how it handles templates, and how much editing flexibility&nbsp;your authors will have when using them. Are your authors going to be able to insert HTML tags to format their content, and what options do they have to do it? Are they going to add them directly or through WYSIWYG editors? The authoring interface in most cases won’t be something you’ll be designing, but it is as important as the final user interface. Having a clear understanding of your author’s tools will enable you to design something feasible in the organizations’ reality.&nbsp;</p>  5. BALANCE FLEXIBILITY WITH PLANNED CONSTRAINTS 
               <p>The dynamic nature of content&nbsp;is&nbsp;one of the biggest design challenges posed at CMS projects. In this scenario, you as a designer won’t have control over the images, media and text that will populate the pages. Therefore, the heavy-lifting goes into designing a system that will have enough flexibility to serve a diversity of content, yet providing the necessary constraints to ensure the site’s integrity, usability, and identity over time.&nbsp;The following&nbsp;are some concrete design implications that help us&nbsp;keep in mind the dynamic nature of content in CMS-powered sites.</p> 
               <p>The design cannot expect a particular copy or image to work, so instead there should be standards that will work under various circumstances, for example:</p> Instead of just considering images in fixed sizes, consider aspect ratio as the main guideline when working with images. Consider that the most popular aspect ratios are 3:2, 4:3, and 16:9. There are many tools available to&nbsp;Calculate Aspect Ratios.If available in your CMS system, try to provide authors with the capability of cropping images with predefined aspect ratios so they can choose the best section of the image. Sometimes automatic cropping poses unexpected results such as people with no heads.Based on your selected font, try to establish character limit per fields, and also provide instructions on how to indicate that more text is available (ellipsis, gradient, etc.) 
               <p>Most of your authors are not going to be experts either in design or in digital page composition. So plan carefully which editing options you are providing to them. Most CMS’s are equipped with rich text editors which provide full editing capabilities such as changing font faces, styles, background colors etc. Sometimes limiting these editing capabilities reduce the chances for unexpected results as well as the cognitive burden on your authors. Think about the essential things your authors are going to need and try to provide just that. Remember the&nbsp;80/20 rule, of all the options available they are probably going to use only the 20%.</p> Design&nbsp;heavy-lifting goes into designing a system that will have enough flexibility to serve a diversity of content, yet providing the necessary constraints to ensure the site’s integrity, usability, and identity over time.&nbsp; 
               <p>Navigation and information items can change or grow over time. How is your design going to handle new or different items? As we have mentioned already, these sites are ever changing, and the expectation for them should be&nbsp;constant growth. When it comes to navigational items, you need to consider&nbsp;a framework that can provide you some assurances&nbsp;that navigation items are not going to get out of control. The same for the page design,&nbsp;you need to think about your layout’s flexibility. So if your layout only works with 4 elements, and a fifth element will break it.. you need to reconsider.&nbsp;</p> 
               <p>Limits to the amount of information shown at once is important as well. Showing everything that is available will eventually bring usability and performance issues. Here we also have a variety of options such as pagination,&nbsp;progressive disclosure,&nbsp;and&nbsp;truncated information just to mention a few. One of the challenges to applying this principle relies on determining the essential from the secondary. As I usually say to my clients, if we treat everything as important, then nothing will be.&nbsp;</p>  6. CMS DESIGN IS NOT JUST ABOUT CONTENT, IT IS ALSO ABOUT PEOPLE AND CULTURE. 
               <p>As mentioned before, CMS Design is a co-creation process with the content authors, therefore being sure authors have the tools and processes they need to create the best content is crucial.&nbsp;Remember that most likely authors will be experts in something else (communication, human resources, marketing, etc) not in digital publishing. This means that you need to put a&nbsp;special focus on the process they will follow to create, edit, and manage a particular piece of content. This process can be enabled through publishing workflows. A publishing workflow is a set of predefined steps that need to be followed in order to get a piece of content published and in some cases expired. It allows authors to have pieces of content as draft, send them for review, until they get the final approval for publishing. However, before considering&nbsp;workflows, it’s necessary to understand the&nbsp;organization’s culture to provide the solution with the best fit. There are rules that work very well for small organizations, but will become bottle necks for large and/or spread out organizations. If you provide too much policing over publishing this might hinder&nbsp;author participation, on the other hand to little&nbsp;regulation can led to disorganization and unreliable information. Once again finding just the right amount of policing is the key.&nbsp;Besides the steps that need&nbsp;to be followed based on organization’s culture and structure, there are certain guidelines that are inherent to content’s nature and can help to provide organic rules.&nbsp;</p> Time sensitivity.&nbsp;Consider information where time is a relevant aspect, here newest information should come first.Personalization.&nbsp;What&nbsp;is more important can vary based on audiences. Take advantage of personalization (if available) to serve first information that is relevant for each audience.&nbsp;Analytics.&nbsp;Take advantage of analytics to provide data-driven decisions,&nbsp; most-search information should be easy to access.Content Quality.&nbsp;Provide with a set of principles to determine content quality, this can help guide novice authors with&nbsp;a set of guidelines to improve their contents.&nbsp; 
               <p> It is important that you think about the tools, resources, and skills your authors have available and design the system accordingly, always thinking on how to avoid error and unexpected results. In addition, provide your authors with the appropriate training including both&nbsp;technical and design considerations. </p> SIMPLICITY THE ULTIMATE DESIGN ELEGANCE 
               <p>This holds particularly true for CMS design work where the key challenge is to be able to provide with tools and resources that are easy to use, easy to learn, easy to remember, and that will work well for most cases. Simplicity requires great abstraction, or so to speak, great design.&nbsp;What other principles have you found useful when working with CMS? Let me know through the comments bellow, and if you have questions or need advise on how to better engage with your audiences&nbsp;get in touch with us&nbsp;we&nbsp;will be happy to hear from you.</p> REFERENCES: 
               <p>https://www.smashingmagazine.com/2010/11/designing-for-content-management-systems/</p> 
               <p>http://www.ryancramer.com/journal/entries/cms-design-overview/</p> 
               <p>http://www.alistapart.com/articles/strategic-content-management/</p> 
               <p>http://www.alistapart.com/article/contenttiousstrategy</p> 
               <p>http://www.alistapart.com/article/thedisciplineofcontentstrategy</p> 
               <p>http://www.boxesandarrows.com/content-strategy-the-philosophy-of-data/</p> 
              </div>
             </div>
            </div>
           </div>
          </div>
          <div>
           <div>
            <div>
             Recent Posts
             <div>
              <div>
               0
              </div>
              <div>
               Base22 Opens new Service Delivery Center in Columbus, OhioAugust 22, 2019
              </div>
              <div>
               0
              </div>
              <div>
               Digital Transformation at the State of Ohio: an Interview with Rafael Trujillo, CEO of Base22August 22, 2019
              </div>
             </div> Archives  August 2019 July 2019 May 2019 April 2019 March 2019 February 2019 January 2019 November 2018 October 2018 September 2018 August 2018 July 2018 June 2018 May 2018 April 2018 March 2018 February 2018 January 2018 December 2017 September 2017 August 2017 July 2017 June 2017 May 2017 April 2017 March 2017 February 2017 January 2017 December 2016 November 2016 September 2016  
            </div>
           </div>
          </div>
         </div>
        </div>
        <div></div> 
        <div> 
         <div> 
          <div> 
          </div> 
         </div> 
        </div> 
        <div> 
         <div> 
          <div> 
           <div> 
            <div>
             Share
             <div></div>
             <div>
              0
             </div>
            </div> 
           </div> 
          </div> 
         </div> 
         <div> 
          <div> 
          </div> 
         </div> 
         <div> 
          <div> 
           <div> 
            <div> 
             <div> Leave a Reply Cancel reply  
              <p>Your email address will not be published. Required fields are marked *</p>
              <p>Comment </p>
              <p>Name * </p> 
              <p>Email * </p> 
              <p>Website </p> 
              <p>   </p>  
             </div> 
            </div> 
           </div> 
          </div> 
         </div> 
         <div> 
          <div> 
           <div>
            Related posts
            <div>
             <div>
              <div>
               <div>
                <div>
                 <div></div>
                 <div></div>
                </div>
               </div>
              </div>
              <div>
               August 29, 2019
              </div>
              <div>
               Why Having a Content Strategy Matters— Especially for B2BRead more
              </div>
             </div>
             <div>
              <div>
               <div>
                <div>
                 <div></div>
                 <div></div>
                </div>
               </div>
              </div>
              <div>
               August 12, 2019
              </div>
              <div>
               Digital Transformation: A Moon Landing for the Young and Committed?Read more
              </div>
             </div>
            </div>
           </div> 
          </div> 
         </div> 
        </div> 
       </div> 
       <div> 
        <div> 
        </div> 
       </div>   
       <div> 
        <div> 
         <div> 
          <div> 
           <div> 
            <div>  
            </div> 
           </div> 
          </div> 
         </div> 
        </div> 
       </div>  
       <div> 
        <div> 
         <div> 
          <div> 
           <div> 
            <div> about us services &amp; practices team careers blog contact 
            </div> 
           </div> 
          </div> 
         </div> 
        </div> 
       </div>  
       <div> 
        <div> 
         <div> 
          <div> 
           <div> 
            <div> 
             <div>  
             </div> 
             <div>  
             </div> 
             <div>  
             </div> 
             <div>  
             </div> 
             <div>  
             </div> 
             <div>  
             </div> 
            </div> 
           </div> 
          </div> 
         </div> 
        </div> 
       </div> 
      </div> 
     </div> 
    </div> 
   </div>   
   <div> 
    <div> 
     <div> 
      <div>
        Copyright ©Base22, LLC. 2019. This site was built by Base22. 
      </div>  
     </div> 
    </div> 
   </div>  
  </div>                         
 </body>
</body>",
http://base22.com/wps/portal/base22/blog/blog/modern-web-development,,"<body>
 <body>  
  <div> 
   <div>  
    <div> 
     <div> 
      <div>   ABOUT US NEWS CONTACT  
      </div> 
     </div> 
    </div>  
    <div></div> 
    <div> 
     <div> 
      <div> 
       <div>  
        <div></div> 
        <div> What We Do  Plan Execute Insights   Services and Practices Blog What We Do  Plan Execute Insights   Services and Practices Blog About Us News Contact  
        </div> 
        <div>  
        </div> 
        <div> 
        </div> 
        <div>        
        </div> 
       </div> 
       <div>
        <div></div>
       </div> 
      </div> 
     </div> 
    </div>  
   </div>  
   <div> 
    <div> 
     <div> 
      <div> 
       <div></div>
       <div>
        Case Study: Not just a product catalog – Cemex caseSeptember 1, 2018
       </div>
       <div></div>
       <div>
        Designing for Content Management SystemsSeptember 24, 2018
       </div> 
       <div> 
        <div> 
         <div></div> 
         <div> 
          <div> Modern Web Development – Which JavaScript Framework is Right for My Organization? 
           <div> 
            <div>  Published by  Alexzander Arriaga   on  September 13, 2018    
             <div>  
              <div>  
              </div> 
             </div> 
            </div> 
            <div> Categories  
             <div> Angular Blog Decision Making Web Development
             </div> 
            </div> 
            <div> Tags  
             <div>   
             </div> 
            </div> 
           </div> 
          </div> 
         </div> 
         <div> 
          <div> 
           <div> 
            <div></div>
            <div></div>
            <div></div> 
           </div> 
          </div> 
         </div> 
        </div> 
       </div> 
       <div> 
        <div>  
         <div> 
          <div>  
          </div> 
         </div> 
        </div> 
        <div>
         <div>
          <div>
           <div>
            <div>
             <div>
              <div>
               <p>For this post, we wanted to focus on a question we’ve received many times –&nbsp;Which Javascript Framework is right for my organization? The answer to that question comes down to our&nbsp;favorite consulting answer? It depends. It does depend on an organization’s specific requirements and you may find that you will mix and match frameworks depending on the solution you are building.</p> 
               <p>In the end, organizations do not have unlimited resources and if you are looking to make some decisions on a JavaScript framework to support your web modernization efforts, here is a nice summary written by Alex Arriaga, Base22 Technical Lead.</p> 
               <p>There are three libraries/frameworks ruling the front-end world in 2018 and we believe they will continue to lead for a number of years.</p> React 
               <p></p> 
               <p>Created by Facebook, React is widely used for creating UI interfaces with good performance even at the enterprise-class level. There are many successful use cases for React. Here is a full list of companies and projects using React. Among better-known companies are Netflix, Airbnb, American Express, Facebook, Capital One, Atlassian and others.</p> 
               <p>Pros</p>  A short-learning curve for non-complex applications Easy to find engineers who can contribute to projects Can handle small UI components to complex single page applications MIT license  
               <p>Cons</p>  When building complex apps, there is no official “way” to proceed. React leaves open how you organize assets, how to set development workflows, how to style apps, etc. It uses a flavor of XML syntax called JSX which may not “feel” natural from a traditional front-end perspective (not mandatory, but recommended) It needs external packages for supporting AJAX requests or any other non-UI task Browser compatibility is ONLY&nbsp;from IE11+&nbsp;(for IE 9+ polyfills need to be added which makes the apps heavier)  
               <p>&nbsp;</p> Vue 
               <p></p> 
               <p>Vue was created by an ex-Googler (Evan You) and maintained by a community via open source funding. Vue was inspired by AngularJS. It is the fastest growing framework since 2017 and Vue has gained a lot of attention because of its “progressive” approach to creating solutions. Vue is used for small components integrated into Digital Experience Platforms such as IBM WebSphere Portal and Liferay as well as content management systems such as Drupal and WordPress.). Vue is used by many companies including Adobe, Xiaomi, Alibaba and GitLab.</p> 
               <p>Pros</p>  A short-learning curve for small and complex apps Easy to find engineers who can contribute to projects The progressive approach that it takes ensures we only add what we need MIT license It can be configured to work with ES2015 or TypeScript  
               <p>Cons</p>  Product support resources are less when compared to React or Angular which have Facebook and Google behind their offerings There are not as many uses cases in the enterprise world and less documentation available for integration with Digital Experience Platforms  
               <p>&nbsp;</p> Angular (not AngularJS) 
               <p></p> 
               <p>You don’t want to confuse Angular (current version 6+) with AngularJS. The Angular framework was created with the enterprise-class projects in mind. It was re-written from scratch. The main difference we see as compared to React is Angular provides everything is there to work with single page apps; from components to animations, and routing. And the platform is supported by Google.</p> 
               <p>Pros</p>  Full framework, not just a library Mature UI kits (like Material Design) Takes advantage of modern front-end tooling like Yarn/NPM, Observables, TypeScript, etc.  
               <p>Cons</p>  Larger learning curve when compared to React or Vue Developers need to learn a new language (TypeScript) There are not a lot of public use cases related to integrations to Digital Experience Platforms It was intended to build single page apps, not just simple components. Angular’s team is working on this, they announced something they call “Angular Elements” which will use the W3C standards for web components. &nbsp;(also known as custom elements), no release date yet, but we assume this will happen next year.  
               <p>At the end of the day, the choice of Javascript Frameworks for an organization can have far reaching&nbsp;impacts across an organization. We hope you’ve found this explainer useful. If you need more assistance, we are here to help.</p> 
               <p>&nbsp;</p> 
               <p>&nbsp;</p> 
               <p>&nbsp;</p> 
               <p>&nbsp;</p> 
              </div>
             </div>
            </div>
           </div>
          </div>
          <div>
           <div>
            <div>
             Recent Posts
             <div>
              <div>
               0
              </div>
              <div>
               Why Having a Content Strategy Matters— Especially for B2BAugust 29, 2019
              </div>
              <div>
               0
              </div>
              <div>
               Digital Transformation: A Moon Landing for the Young and Committed?August 12, 2019
              </div>
             </div> Archives  August 2019 July 2019 May 2019 April 2019 March 2019 February 2019 January 2019 November 2018 October 2018 September 2018 August 2018 July 2018 June 2018 May 2018 April 2018 March 2018 February 2018 January 2018 December 2017 September 2017 August 2017 July 2017 June 2017 May 2017 April 2017 March 2017 February 2017 January 2017 December 2016 November 2016 September 2016  
            </div>
           </div>
          </div>
         </div>
        </div>
        <div></div> 
        <div> 
         <div> 
          <div> 
          </div> 
         </div> 
        </div> 
        <div> 
         <div> 
          <div> 
           <div> 
            <div>
             Share
             <div></div>
             <div>
              0
             </div>
            </div> 
           </div> 
          </div> 
         </div> 
         <div> 
          <div> 
          </div> 
         </div> 
         <div> 
          <div> 
           <div> 
            <div> 
             <div> Leave a Reply Cancel reply  
              <p>Your email address will not be published. Required fields are marked *</p>
              <p>Comment </p>
              <p>Name * </p> 
              <p>Email * </p> 
              <p>Website </p> 
              <p>   </p>  
             </div> 
            </div> 
           </div> 
          </div> 
         </div> 
         <div> 
          <div> 
           <div>
            Related posts
            <div>
             <div>
              <div>
               <div>
                <div>
                 <div></div>
                 <div></div>
                </div>
               </div>
              </div>
              <div>
               August 29, 2019
              </div>
              <div>
               Why Having a Content Strategy Matters— Especially for B2BRead more
              </div>
             </div>
             <div>
              <div>
               <div>
                <div>
                 <div></div>
                 <div></div>
                </div>
               </div>
              </div>
              <div>
               August 12, 2019
              </div>
              <div>
               Digital Transformation: A Moon Landing for the Young and Committed?Read more
              </div>
             </div>
            </div>
           </div> 
          </div> 
         </div> 
        </div> 
       </div> 
       <div> 
        <div> 
        </div> 
       </div>   
       <div> 
        <div> 
         <div> 
          <div> 
           <div> 
            <div>  
            </div> 
           </div> 
          </div> 
         </div> 
        </div> 
       </div>  
       <div> 
        <div> 
         <div> 
          <div> 
           <div> 
            <div> about us services &amp; practices team careers blog contact 
            </div> 
           </div> 
          </div> 
         </div> 
        </div> 
       </div>  
       <div> 
        <div> 
         <div> 
          <div> 
           <div> 
            <div> 
             <div>  
             </div> 
             <div>  
             </div> 
             <div>  
             </div> 
             <div>  
             </div> 
             <div>  
             </div> 
             <div>  
             </div> 
            </div> 
           </div> 
          </div> 
         </div> 
        </div> 
       </div> 
      </div> 
     </div> 
    </div> 
   </div>   
   <div> 
    <div> 
     <div> 
      <div>
        Copyright ©Base22, LLC. 2019. This site was built by Base22. 
      </div>  
     </div> 
    </div> 
   </div>  
  </div>                         
 </body>
</body>",
http://www.tmco-usa.com/products/dual-chamber/sure-shot-dual-chamber-parts/,,"<body>
 <body> 
  <div> 
   <div> 
    <div> 
     <div>  
     </div> 
    </div> 
    <div>
     Skip to Content ↓
    </div> 
    <div>
     <div> Extranet Home  TMCo Sure Shot Orifice Fitting   About TMCo  Our Founder TMCo Inc. Careers   Products  Sure Shot Dual Chamber  Dual Chamber Parts Eccentric Plug Installation Orientation Locking Arm Reversal Procedure Plate Sealing Ring Shaft Reversal Sure Shot Advantage Instruction and Operation Manual- Dual Chamber TMCo Sure Shot Brochure   Sure Shot Single Chamber  Plate Sealing Ring Single Chamber Parts TMCo Sure Shot Brochure Instruction and Operation Manual- Single Chamber     Literature News and Events  Shows 2019 TMCo Hosts Open House Event   Contact Us  
     </div> 
    </div> 
   </div> 
   <div> 
    <div>
      &nbsp; 
    </div> 
    <div> 
     <div> Dual Chamber Parts 
      <div> 
      </div> 
      <div>  
       <p></p> Dual Chamber Parts Dual Chamber Sub-Assembly  
       <div> Dual Chamber Parts      
        <p></p>    Item No. Description Material 2″ 3″ 4″ 6″ 8″ 10″ 12″ 16″     1 Lower Chamber Body Cast Carbon Steel 1 1 1 1 1 1 1 1   2 O-Ring, Mating Face HNBR 1 1 1 1 1 1 1 1   3 Full Thread Stud Carbon Steel 11 14 14 18 18 18 24 28   4 Heavy Hex Nut Carbon Steel 11 14 14 18 18 18 24 28   5 Dowel Pin, Mating Face Stainless Steel 2 2 2 2 2 4 4 2   6 Alignment Screw (Factory Set) Carbon Steel 3 3 3 3 3 3 3 3   7 Socket Head Plug Carbon Steel 3 3 3 3 3 3 3 3   8 Upper Chamber Body Cast Carbon Steel 1 1 1 1 1 1 1 1   9* Eccentric Plug Assembly  1 1 1 1 1 1 1 1   10 Seat Plate Stainless Steel 1 1 1 1 1 1 1 1   11 O-Ring, Seat Plate HNBR 1 1 1 1 1 1 1 1   12 Socket Head Cap Screw Stainless Steel 8 8 8 12 12 16 16 16   13 Dowel Pin, Seat Plate Stainless Steel 2 2 2 2 2 2 2 2   14 Orifice Plate Carrier w/ Plunger Stainless Steel/Carbon 1 1 1 1 1 1 1 1   15 Gear Shaft Stainless Steel 2 2 2 2 2 2 2 2   16 Gear Shaft Spacer (Lower Chamber) Stainless Steel 2 2 2 2 2 2 2 2   17 Gear Shaft Spacer (Upper Chamber) Stainless Steel 0 0 0 2 2 0 0 0   18 Orifice Plate Seal Ring HNBR/Stainless Steel 1 1 1 1 1 1 1 1   19 Seal Bar, Coated Carbon Steel 1 1 1 1 1 1 1 1   20 Seal Bar Gasket*** Non-Abs Fiber 1 1 1 1 1 1 1 1   21 Clamp Bar, Coated Carbon Steel 1 1 1 1 1 1 1 1   22 Clamp Bar Bolts, Plated Carbon Steel 4 5 6 7 8 11 13 16   23* Safety Lock Arm Assembly  1 1 1 1 1 1 1 1   24 Safety Locking Arm Retaining Ring Stainless Steel 1 1 1 1 1 1 1 1   25* Upper Chamber Thru Cover Assembly  2 2 2 2 2 2 2 2   26 O-Ring, Upper Thru Cover HNBR 2 2 2 2 2 2 2 2   27 Hex Head Bolt, Upper Thru Cover Carbon Steel 4 4 4 4 4 4 4 4   28* Lower Chamber Thru Cover Assembly  2 2 1 2 2 2 2 2   29 O-Ring, Lower Thru Cover HNBR 2 2 2 2 2 2 2 2   30 Orientation Plate Stainless Steel 2 2 2 2 2 2 2 2   31 Split Washer Stainless Steel 4 4 4 4 4 4 4 4   32 Hex Head Screw Stainless Steel 4 4 4 4 4 4 4 4   33.1 Hex Head Bolt, Lower Thru Cover Carbon Steel 6 6 6 6 6 6 6 6   33.2 Hex Head Bolt, Lower Thru Cover Carbon Steel 2 2 2 2 2 2 2 2   34 Hex Head NPT Plug Carbon Steel 10 10 10 10 10 10 10 10   35 Crank Handle, Plated Cast Carbon Steel 1 1 1 1 1 1 1 1   36 Block &amp; Bleed Valve Assembly Carbon/Stainless Steel 1 1 1 1 1 1 1 1   37 Equalizer Valve Assembly Carbon/Stainless Steel 1 1 1 1 1 1 1 1   38 Name Tag Stainless 1 1 1 1 1 1 1 1   39 Operating Tag Stainless 1 1 1 1 1 1 1 1   40 Button Head Rivet Stainless 6 6 6 6 6 6 6 6   41 Orifice Plate (Sold Separately)  1 1 1 1 1 1 1 1    
        <p> * Denotes Sub-Assembly </p> 
        <p> ** Standard 1⁄2” Ratchet, 1⁄2” and 3/16” Socket </p>    Order Now   Full Name:    Email Address:    Phone:    Any special notes, messages or instructions regarding your order:         
        <p></p>
       </div> 
       <div> Dual Chamber Sub-Assembly 
        <p></p>    Item No. Description: Material: 2″ 3″ 4″ 6″ 8″ 10″ 12″ 16″     9 Eccentric Plug Assembly            9A Eccentric Plug Body, Coated Stainless 1 1 1 1 1 1 1 1   9B Insert PTFE 1 1 1 1 1 1 1 1   9C Retainer Plate Stainless Steel 1 1 1 1 1 1 1 1   9D Screw, Socket Head Stainless Steel 4 5 6 8 10 11 12 15                23 Safety Locking Arm Assembly            23A Safety Locking Arm Stainless Steel 1 1 1 1 1 1 1 1   23B Safety Lock Handle Stainless Steel 1 1 1 1 1 1 1 1   23C Spring Stainless Steel 1 1 1 1 1 1 1 1   23D Spring Retainer Clip Stainless Steel 1 1 1 1 1 1 1 1                25 Upper Cham. Thru Cover Assembly            25A Upper Thru Cover, Coated Carbon Steel 1 1 1 1 1 1 1 1   25B Packing Rings PTFE 4 4 4 4 4 4 4 4   25C Gland Follower Stainless Steel 1 1 1 1 1 1 1 1   25D Screw, Hex Head Carbon Steel 2 2 2 2 2 2 2 2   25E Split Bearings Carbon Steel 1 1 1 1 1 1 1 1                28 Lower Cham. Thru Cover Assembly            28A Lower Thru Cover, Coated Carbon Steel 1 1 1 1 1 1 1 1   28B Packing Rings PTFE 8 8 8 8 8 8 8 8   28C Gland Follower Stainless Steel 2 2 2 2 2 2 2 2   28D Split Bearings Carbon Steel 2 2 2 2 2 2 2 2   28E Dowel Pin, Lower Thru Cover Stainless Steel 2 2 2 2 2 2 2 2   28F Screw, Hex Head Carbon Steel 4 4 4 4 4 4 4 4       Order Now   Full Name:    Email Address:    Phone:    Any special notes, messages or instructions regarding your order:         
       </div> 
      </div> 
     </div> 
    </div> 
    <div> 
     <div> 
      <div>  Search  
       <div>   
       </div> Pages  Home  TMCo Sure Shot Orifice Fitting   About TMCo  Our Founder TMCo Inc. Careers   Products  Sure Shot Dual Chamber  TMCo Sure Shot Brochure   Sure Shot Single Chamber  TMCo Sure Shot Brochure     Literature News and Events  Shows 2019 TMCo Hosts Open House Event   Contact Us    What’s New at TMCo   Shows 2019   Rock Hill Capital Announces its Investment in TMCo   Shows 2018   Shows 2017   Shows 2016    
       <div> 
        <div></div> 
       </div>   
      </div> 
      <div>  Categories  Newsletter  Uncategorized   Search  
       <div>   
       </div> Pages  Extranet Home  TMCo Sure Shot Orifice Fitting   About TMCo  Our Founder TMCo Inc. Careers   Products  Sure Shot Dual Chamber  Dual Chamber Parts Eccentric Plug Installation Orientation Locking Arm Reversal Procedure Plate Sealing Ring Shaft Reversal Sure Shot Advantage Instruction and Operation Manual- Dual Chamber TMCo Sure Shot Brochure   Sure Shot Single Chamber  Plate Sealing Ring Single Chamber Parts TMCo Sure Shot Brochure Instruction and Operation Manual- Single Chamber     Literature News and Events  Shows 2019 TMCo Hosts Open House Event   Contact Us  World Map Thank You for Contacting Us!      TEST   Shows 2019   Rock Hill Capital Announces its Investment in TMCo   Shows 2018   Shows 2017   Shows 2016     
      </div>
      <div>   Calendar 
       <div>  September 2019   M T W T F S S     « Jan &nbsp; &nbsp;     &nbsp;1   2345678   9101112131415   16171819202122   23242526272829   30 &nbsp;    
       </div>   Pages  Extranet Home  TMCo Sure Shot Orifice Fitting   About TMCo  Our Founder TMCo Inc. Careers   Products  Sure Shot Dual Chamber  Dual Chamber Parts Eccentric Plug Installation Orientation Locking Arm Reversal Procedure Plate Sealing Ring Shaft Reversal Sure Shot Advantage Instruction and Operation Manual- Dual Chamber TMCo Sure Shot Brochure   Sure Shot Single Chamber  Plate Sealing Ring Single Chamber Parts TMCo Sure Shot Brochure Instruction and Operation Manual- Single Chamber     Literature News and Events  Shows 2019 TMCo Hosts Open House Event   Contact Us  World Map Thank You for Contacting Us!      Meta  Log in    
      </div> 
     </div> 
    </div> 
    <div> 
     <div>  contact us 713.465.3255 | www.tmcousa.com | customer area 
     </div> 
     <div> 
      <div>
       <div></div>
       <div>
        Subscribe to our feed via RSS
       </div>
      </div> 
      <div>
       © 2015 TMCo USA
      </div> 
     </div> 
    </div> 
   </div> 
  </div>         
 </body>
</body>",
http://www.tmco-usa.com/products/,,"<body>
 <body> 
  <div> 
   <div> 
    <div> 
     <div>  
     </div> 
    </div> 
    <div>
     Skip to Content ↓
    </div> 
    <div>
     <div> Extranet Home  TMCo Sure Shot Orifice Fitting   About TMCo  Our Founder TMCo Inc. Careers   Products  Sure Shot Dual Chamber  Dual Chamber Parts Eccentric Plug Installation Orientation Locking Arm Reversal Procedure Plate Sealing Ring Shaft Reversal Sure Shot Advantage Instruction and Operation Manual- Dual Chamber TMCo Sure Shot Brochure   Sure Shot Single Chamber  Plate Sealing Ring Single Chamber Parts TMCo Sure Shot Brochure Instruction and Operation Manual- Single Chamber     Literature News and Events  Shows 2019 TMCo Hosts Open House Event   Contact Us  
     </div> 
    </div> 
   </div> 
   <div> 
    <div>
      &nbsp; 
    </div> 
    <div> 
     <div> Products 
      <div> 
      </div> 
      <div>  
       <p>TMCo Operating, LLC&nbsp;offers SURE SHOT® Orifice Fittings.</p> 
       <p></p> Orifice Fittings  
       <div> Orifice Fittings 
        <p></p> Orifice Fittings    Dual Chamber Orifice Fitting Two-piece body allows fast, safe inexpensive orifice plate change under pressure
        <p></p>  Protected positive orifice plate seal design extends service life Meets or exceeds all industry specifications (AGA4/API 14.3) 2″-16″ ANSI Classes 150-600. For higher ratings consult factory Few moving parts, positive sealing with low maintenance Unique safety lock helps to prevent accidental opening under pressure while removing the orifice plate, indicates proper carrier location, and provides precise plug operation positioning     More Info     Sure Shot® Dual Chamber Orifice Fitting
        <p></p> 
        <p></p>    Single Chamber Orifice Fitting One piece body allows fast inexpensive orifice plate change
        <p></p>  Protected positive orifice plate seal design extends service life Meets or exceeds all industry specifications (AGA3/API 14.3) 2″ thur 6″ ANSI Classes 150-900     More Info     Sure Shot® Single Chamber Orifice Fitting
        <p></p> 
        <p></p>    
        <p>                                            </p> 
       </div> 
      </div> 
     </div> 
    </div> 
    <div> 
     <div> 
      <div>  Search  
       <div>   
       </div> Pages  Home  TMCo Sure Shot Orifice Fitting   About TMCo  Our Founder TMCo Inc. Careers   Products  Sure Shot Dual Chamber  TMCo Sure Shot Brochure   Sure Shot Single Chamber  TMCo Sure Shot Brochure     Literature News and Events  Shows 2019 TMCo Hosts Open House Event   Contact Us    What’s New at TMCo   Shows 2019   Rock Hill Capital Announces its Investment in TMCo   Shows 2018   Shows 2017   Shows 2016    
       <div> 
        <div></div> 
       </div>   
      </div> 
      <div>  Categories  Newsletter  Uncategorized   Search  
       <div>   
       </div> Pages  Extranet Home  TMCo Sure Shot Orifice Fitting   About TMCo  Our Founder TMCo Inc. Careers   Products  Sure Shot Dual Chamber  Dual Chamber Parts Eccentric Plug Installation Orientation Locking Arm Reversal Procedure Plate Sealing Ring Shaft Reversal Sure Shot Advantage Instruction and Operation Manual- Dual Chamber TMCo Sure Shot Brochure   Sure Shot Single Chamber  Plate Sealing Ring Single Chamber Parts TMCo Sure Shot Brochure Instruction and Operation Manual- Single Chamber     Literature News and Events  Shows 2019 TMCo Hosts Open House Event   Contact Us  World Map Thank You for Contacting Us!      TEST   Shows 2019   Rock Hill Capital Announces its Investment in TMCo   Shows 2018   Shows 2017   Shows 2016     
      </div>
      <div>   Calendar 
       <div>  September 2019   M T W T F S S     « Jan &nbsp; &nbsp;     &nbsp;1   2345678   9101112131415   16171819202122   23242526272829   30 &nbsp;    
       </div>   Pages  Extranet Home  TMCo Sure Shot Orifice Fitting   About TMCo  Our Founder TMCo Inc. Careers   Products  Sure Shot Dual Chamber  Dual Chamber Parts Eccentric Plug Installation Orientation Locking Arm Reversal Procedure Plate Sealing Ring Shaft Reversal Sure Shot Advantage Instruction and Operation Manual- Dual Chamber TMCo Sure Shot Brochure   Sure Shot Single Chamber  Plate Sealing Ring Single Chamber Parts TMCo Sure Shot Brochure Instruction and Operation Manual- Single Chamber     Literature News and Events  Shows 2019 TMCo Hosts Open House Event   Contact Us  World Map Thank You for Contacting Us!      Meta  Log in    
      </div> 
     </div> 
    </div> 
    <div> 
     <div>  contact us 713.465.3255 | www.tmcousa.com | customer area 
     </div> 
     <div> 
      <div>
       <div></div>
       <div>
        Subscribe to our feed via RSS
       </div>
      </div> 
      <div>
       © 2015 TMCo USA
      </div> 
     </div> 
    </div> 
   </div> 
  </div>         
 </body>
</body>",
http://www.tmco-usa.com/products/single-chamber/plate-sealing-ring/,,"<body>
 <body> 
  <div> 
   <div> 
    <div> 
     <div>  
     </div> 
    </div> 
    <div>
     Skip to Content ↓
    </div> 
    <div>
     <div> Extranet Home  TMCo Sure Shot Orifice Fitting   About TMCo  Our Founder TMCo Inc. Careers   Products  Sure Shot Dual Chamber  Dual Chamber Parts Eccentric Plug Installation Orientation Locking Arm Reversal Procedure Plate Sealing Ring Shaft Reversal Sure Shot Advantage Instruction and Operation Manual- Dual Chamber TMCo Sure Shot Brochure   Sure Shot Single Chamber  Plate Sealing Ring Single Chamber Parts TMCo Sure Shot Brochure Instruction and Operation Manual- Single Chamber     Literature News and Events  Shows 2019 TMCo Hosts Open House Event   Contact Us  
     </div> 
    </div> 
   </div> 
   <div> 
    <div>
      &nbsp; 
    </div> 
    <div> 
     <div> Plate Sealing Ring 
      <div> 
      </div> 
      <div> 
       <p></p> TMCo Sure Shot Seal Ring  The TMCo Sure Shot Seal Ring is made of (HNBR) Hydrogenated Nitrile Butadiene Rubber which is bonded to a stainless steel ring. TMCo Sure Shot fittings use the same seal ring in both the Sure Shot Single Chamber &amp; Sure Shot Dual Chamber products. Sure Shot seal rings, like our orifice fittings, are a stock item. TMCo Sure Shot seal rings are less expensive than competitors’ seal rings.   
       <p></p> 
       <p></p> 
       <p></p> 
       <p></p> 
       <p></p> 
       <p></p> 
       <p>Orifice plate has a metal to metal seat in Sure Shot single &amp; dual chamber carriers.</p> 
       <p>The metal to metal seating of the orifice plate in the Sure Shot carrier design assures no plate movement toward the downstream fitting tap when operating at higher differentials.</p> 
       <p></p> 
       <p></p> 
       <p></p> 
       <p></p> 
       <p></p> 
       <p></p> 
       <p></p> 
       <p></p> 
       <p></p> 
       <p>Sure Shot seal ring snaps in after orifice plate is installed into carrier. This creates a seal on the upstream side of the orifice plate and on the upstream side of the fitting seat.</p> 
      </div> 
     </div> 
    </div> 
    <div> 
     <div> 
      <div>  Search  
       <div>   
       </div> Pages  Home  TMCo Sure Shot Orifice Fitting   About TMCo  Our Founder TMCo Inc. Careers   Products  Sure Shot Dual Chamber  TMCo Sure Shot Brochure   Sure Shot Single Chamber  TMCo Sure Shot Brochure     Literature News and Events  Shows 2019 TMCo Hosts Open House Event   Contact Us    What’s New at TMCo   Shows 2019   Rock Hill Capital Announces its Investment in TMCo   Shows 2018   Shows 2017   Shows 2016    
       <div> 
        <div></div> 
       </div>   
      </div> 
      <div>  Categories  Newsletter  Uncategorized   Search  
       <div>   
       </div> Pages  Extranet Home  TMCo Sure Shot Orifice Fitting   About TMCo  Our Founder TMCo Inc. Careers   Products  Sure Shot Dual Chamber  Dual Chamber Parts Eccentric Plug Installation Orientation Locking Arm Reversal Procedure Plate Sealing Ring Shaft Reversal Sure Shot Advantage Instruction and Operation Manual- Dual Chamber TMCo Sure Shot Brochure   Sure Shot Single Chamber  Plate Sealing Ring Single Chamber Parts TMCo Sure Shot Brochure Instruction and Operation Manual- Single Chamber     Literature News and Events  Shows 2019 TMCo Hosts Open House Event   Contact Us  World Map Thank You for Contacting Us!      TEST   Shows 2019   Rock Hill Capital Announces its Investment in TMCo   Shows 2018   Shows 2017   Shows 2016     
      </div>
      <div>   Calendar 
       <div>  September 2019   M T W T F S S     « Jan &nbsp; &nbsp;     &nbsp;1   2345678   9101112131415   16171819202122   23242526272829   30 &nbsp;    
       </div>   Pages  Extranet Home  TMCo Sure Shot Orifice Fitting   About TMCo  Our Founder TMCo Inc. Careers   Products  Sure Shot Dual Chamber  Dual Chamber Parts Eccentric Plug Installation Orientation Locking Arm Reversal Procedure Plate Sealing Ring Shaft Reversal Sure Shot Advantage Instruction and Operation Manual- Dual Chamber TMCo Sure Shot Brochure   Sure Shot Single Chamber  Plate Sealing Ring Single Chamber Parts TMCo Sure Shot Brochure Instruction and Operation Manual- Single Chamber     Literature News and Events  Shows 2019 TMCo Hosts Open House Event   Contact Us  World Map Thank You for Contacting Us!      Meta  Log in    
      </div> 
     </div> 
    </div> 
    <div> 
     <div>  contact us 713.465.3255 | www.tmcousa.com | customer area 
     </div> 
     <div> 
      <div>
       <div></div>
       <div>
        Subscribe to our feed via RSS
       </div>
      </div> 
      <div>
       © 2015 TMCo USA
      </div> 
     </div> 
    </div> 
   </div> 
  </div>         
 </body>
</body>",
https://blog.webtraining.zone/donde-descargar-imagenes-gratis-para-tus-proyectos/,,"<body>
 <body> 
  <div> Ir al contenido 
   <div>  
    <div>  
     <p>Webtraining Blog</p> 
     <p>Porque creemos que la única forma de ser mejores es ayudando a otros</p> Menú y widgets 
    </div>  
    <div> 
     <div>   Buscar:      Entradas recientes   Agregar widgets en un Fragmento de Página en Liferay 7. 1   Diferencia entre parámetros y argumentos en JavaScript   ¿Dónde descargar imágenes gratis para tus proyectos?   Regresa en el tiempo con Git   Corregir error “413 Request Entity Too Large” cuando se suben temas de WordPress a tu servidor   Comentarios recientesEduardo Juarez en Importar Recursos en Liferay 7 desde el temaAlex Arriaga en Corregir error “413 Request Entity Too Large” cuando se suben temas de WordPress a tu servidorAdán en Importar Recursos en Liferay 7 desde el temaLucas Jose Serena en Corregir error “413 Request Entity Too Large” cuando se suben temas de WordPress a tu servidorAdmin en Truco de Vue.js #2: Quiero usar Vue.js en un proyecto grande y viejo.Archivos  octubre 2018 septiembre 2018 agosto 2018 julio 2018 junio 2018 mayo 2018 febrero 2018 enero 2018 noviembre 2017 octubre 2017 julio 2017 junio 2017 mayo 2017  Categorías  alloyeditor  Angular  Aplicación  Artisan  Asset Publisher  Back-end  BehaviorSubject  Ciencias de la Computación  ckeditor  CSS  Enterprise Web Development  Fragmentos de Página  Front-end  Git  Herramientas  Java  JavaScript  Laravel  lfr-editable  lfr-widget  Liferay  Liferay 7.1  Marketing Digital  Negocios  Nginx  Node.js  Páginas de Contenido  portal-ext.properties  portal.properties  Portlet  ReactiveX  Resource Importer  Routing  Single Page Application  SPA  Subscription  Tags Especiales para Fragmentos  Testing  Theme  Uncategorized  Vida de un Ingeniero  Vue.js  Web Servers  Widget  WYSIWYG Editors   Meta  Acceder RSS de las entradas RSS de los comentarios WordPress.org   
     </div> 
    </div> 
   </div> 
   <div> 
    <div>   
     <div>  
     </div>  ¿Dónde descargar imágenes gratis para tus proyectos?  
     <div> 
      <div>
       <div></div>
       <div></div>
      </div>
      <p>Dicen que “una imagen vale más que mil palabras” y en la mayoría de las circunstancias es cierto, cuando hablamos de la internet las imágenes juegan un papel muy importante desde el punto de vista de marketing digital.</p> 
      <p>Ahora bien, todo recurso multimedia (audio, imágenes, video) que encuentres en internet tiene un dueño o un autor, y aunque no necesariamente esté formalmente dicho en algún documento legal, de ser necesario estos autores de recursos multimedia pueden reclamar la propiedad en cualquier momento.</p> ¿Por qué esto es importante si eres un negocio o empresa? 
      <p>Simple:</p> 
      <p>Cumplir legalmente todos los términos de lo que usas y así evitar complicaciones legales en el futuro.</p> ¿Dónde puedes descargar imágenes que puedas usar libremente? 
      <p>Aquí te doy algunos sitios donde puedes descargar imágenes de muy alta calidad y que podrás usarlas sin complicaciones legales.</p>  Unsplash:&nbsp;https://unsplash.com/ Pixabay:&nbsp;https://pixabay.com/en/ Pexels:&nbsp;https://www.pexels.com/  
      <p>Ahora bien estas imágenes no significa que sean “libres” en el sentido de que alguien más quiera atribuirse la propiedad o quiera re-venderlas en algún sitio comercial.</p> 
      <p>Estas imágenes proveen algo que se llama “royalty-free license” lo que significa que tú como persona o empresa tienes el derecho de utilizar las imágenes sin pagar regalías o una cuota por una licencia de uso a sus autores o dueños.</p> 
      <p>En sitios como Unsplash se sugiere que des crédito al autor de la imagen pero no es requerido, ni estás obligado a hacerlo (aunque se agradece que lo hagas).</p> ¿Dónde puedes leer más sobre las licencias de imágenes? 
      <p>Cada sitio de descarga de recursos multimedia SIEMPRE tendrá un enlace a sus términos de uso y licenciamiento.</p> 
      <p>Si quieres profundizar más en el tema de licenciamiento de estos sitios aquí te dejamos un extracto de la licencia original de varios de ellos:</p> 
      <p>Unsplash https://unsplash.com/license</p> 
      <p>All photos published on Unsplash can be used for free. You can use them for commercial and noncommercial purposes. You do not need to ask permission from or provide credit to the photographer or Unsplash, although it is appreciated when possible.</p> 
      <p>Es decir, en este caso la licencia es muy clara: podemos usar las imágenes incluso comercialmente&nbsp;(por ejemplo para ponerlas en tu sitio web o para armar campañas de publicidad).</p> 
      <p>Pexels:&nbsp;https://www.pexels.com/photo-license/</p> 
      <p>&nbsp;All photos on Pexels can be used for free for commercial and noncommercial use.</p> 
      <p>Genial, entonces podemos usar comercialmente estas imágenes.</p> 
      <p>&nbsp;Attribution is not required. Giving credit to the photographer or Pexels is not necessary but always appreciated.</p> 
      <p>Siempre es bueno agradecer y reconocer el trabajo de otros artistas.</p> 
      <p>&nbsp;You can modify the photos. Be creative and edit the photos as you like.</p> 
      <p>Como ves, incluso puedes modificar las imágenes para que sean usadas a como las necesites en tu proyecto o empresa.</p> 
      <p>Es todo por hoy, espero que estos sitios de internet te provean lo que estás buscando en términos de imágenes.</p> 
      <p>Cuéntame ¿qué otros sitios conoces que permitan descargar recursos gráficos de manera gratuita?</p> 
      <div>
       <div>
        Share this:
        <div>
         Haz clic para compartir en Twitter (Se abre en una ventana nueva)Haz clic para compartir en Facebook (Se abre en una ventana nueva)
        </div>
       </div>
      </div> 
      <div> Relacionado 
      </div> 
     </div> 
     <div> Publicado por 
      <div>  
      </div> 
      <div> Alex Arriaga 
       <p> Alex es un profesional de la tecnología con mucha experiencia en entornos reales de producción. Disfruta compartiendo su conocimiento a través de su blog. Ha dirigido numerosos talleres y el desarrollo y entrega de muchos cursos de capacitación para desarrolladores e ingenieros de toda América Latina. Conferencista internacional. Miembro fundador de Webtraining. Su experiencia incluye, Tecnologías Web, Sistemas de gestión de contenido de código abierto, Tecnologías y bibliotecas de front-end, Task Runners. NPM, CSS3, HTML5, web móvil, Servidores Web, Servidores de Aplicaciones, Sistemas operativos tipo UNIX y, Investigación: Sistemas complejos, Inteligencia Artificial, Computación Gráfica y Simulación Computacional.  Ver todas las entradas de Alex Arriaga  </p> 
      </div> 
     </div>  Publicado el 20/09/201802/11/2018Autor Alex ArriagaCategorías Marketing Digital, Negocios   
     <div> 
      <div> Deja un comentario Cancelar respuesta  
       <p>Tu dirección de correo electrónico no será publicada. Los campos obligatorios están marcados con *</p>
       <p>Comentario </p>
       <p>Nombre * </p> 
       <p>Correo electrónico * </p> 
       <p>Web </p> 
       <p> Recibir un email con los siguientes comentarios a esta entrada.</p>
       <p> Recibir un email con cada nueva entrada.</p>
       <p>   </p>
       <p></p>
       <p></p>  
      </div> 
     </div>  Navegación de entradas 
     <div>
      <div>
       Anterior Entrada anterior: Regresa en el tiempo con Git
      </div>
      <div>
       Siguiente Siguiente entrada: Diferencia entre parámetros y argumentos en JavaScript
      </div>
     </div>   
    </div> 
   </div>  
   <div>  Creado con WordPress  
   </div>  
  </div>   
  <div></div>  
  <div> 
   <div> 
   </div> 
  </div>                        
 </body>
</body>",
https://blog.webtraining.zone/diferencia-entre-parametros-y-argumentos-en-javascript/,,"<body>
 <body> 
  <div> Ir al contenido 
   <div>  
    <div>  
     <p>Webtraining Blog</p> 
     <p>Porque creemos que la única forma de ser mejores es ayudando a otros</p> Menú y widgets 
    </div>  
    <div> 
     <div>   Buscar:      Entradas recientes   Agregar widgets en un Fragmento de Página en Liferay 7. 1   Diferencia entre parámetros y argumentos en JavaScript   ¿Dónde descargar imágenes gratis para tus proyectos?   Regresa en el tiempo con Git   Corregir error “413 Request Entity Too Large” cuando se suben temas de WordPress a tu servidor   Comentarios recientesEduardo Juarez en Importar Recursos en Liferay 7 desde el temaAlex Arriaga en Corregir error “413 Request Entity Too Large” cuando se suben temas de WordPress a tu servidorAdán en Importar Recursos en Liferay 7 desde el temaLucas Jose Serena en Corregir error “413 Request Entity Too Large” cuando se suben temas de WordPress a tu servidorAdmin en Truco de Vue.js #2: Quiero usar Vue.js en un proyecto grande y viejo.Archivos  octubre 2018 septiembre 2018 agosto 2018 julio 2018 junio 2018 mayo 2018 febrero 2018 enero 2018 noviembre 2017 octubre 2017 julio 2017 junio 2017 mayo 2017  Categorías  alloyeditor  Angular  Aplicación  Artisan  Asset Publisher  Back-end  BehaviorSubject  Ciencias de la Computación  ckeditor  CSS  Enterprise Web Development  Fragmentos de Página  Front-end  Git  Herramientas  Java  JavaScript  Laravel  lfr-editable  lfr-widget  Liferay  Liferay 7.1  Marketing Digital  Negocios  Nginx  Node.js  Páginas de Contenido  portal-ext.properties  portal.properties  Portlet  ReactiveX  Resource Importer  Routing  Single Page Application  SPA  Subscription  Tags Especiales para Fragmentos  Testing  Theme  Uncategorized  Vida de un Ingeniero  Vue.js  Web Servers  Widget  WYSIWYG Editors   Meta  Acceder RSS de las entradas RSS de los comentarios WordPress.org   
     </div> 
    </div> 
   </div> 
   <div> 
    <div>   
     <div>  
     </div>  Diferencia entre parámetros y argumentos en JavaScript  
     <div> 
      <div>
       <div></div>
       <div></div>
      </div>
      <p>Hoy en nuestro Curso Profesional de JavaScript Avanzado uno de nuestros amigos nos preguntó sobre la diferencia entre “parámetros” y “argumentos” así que decidí dejar aquí la explicación para futura referencia.</p> 
      <p>&nbsp;</p> Pregunta 
      <p>Hola Alex! Tengo una preguntita que me da un poco de vergüenza preguntar porque es como muy básica y ya debería saber la respuesta.</p> 
      <p>Pero desafortunadamente no la sé, y siempre es fuente de confusión para mí. Tiene que ver con los métodos en JS.</p> 
      <p>Cuando creo un método que toma dos argumentos, cada vez que llamo a ese método tengo necesariamente que meterle esos dos argumentos, ¿verdad?</p> 
      <p>Luego quería preguntarte también, ¿cuál es la diferencia entre “parámetro” y “argumento”?</p> Respuesta 
      <p>Que tal esta es una excelente pregunta; y no te preocupes para nada debe darte vergüenza ya que es algo importantísimo de comprender. Aquí te dejo varios puntos referentes a “parámetros” y “argumentos” en JavaScript.</p> 
      <p>Los parámetros son la lista de variables que ponemos cuando se define una función, por ejemplo, en la siguiente función tenemos dos parámetros “a” y “b”:</p> 
      <div> 
       <div> 
        <div>
         <div>
          <div></div>
         </div>
         <div>
          <div></div>
         </div>
         <div>
          <div></div>
         </div>
         <div>
          <div></div>
         </div>
         <div>
          <div></div>
         </div>
         <div>
          <div></div>
         </div>
        </div>
       </div> 
       <div></div> 
       <div>
         function sum(a, b) { return a + b; }
       </div> 
       <div>    
        <div>
         <div>
          1
         </div>
         <div>
          2
         </div>
         <div>
          3
         </div>
        </div>  
        <div>
         <div>
          function sum(a, b) {
         </div>
         <div> return a + b;
         </div>
         <div>
          }
         </div>
        </div>   
       </div> 
      </div>  
      <p>Los argumentos son los valores que se pasan a la función cuando ésta es invocada, de esta manera, en el siguiente ejemplo tendríamos que “7”, “4” son los argumentos de nuestra invocación a la función:</p> 
      <div> 
       <div> 
        <div>
         <div>
          <div></div>
         </div>
         <div>
          <div></div>
         </div>
         <div>
          <div></div>
         </div>
         <div>
          <div></div>
         </div>
         <div>
          <div></div>
         </div>
         <div>
          <div></div>
         </div>
        </div>
       </div> 
       <div></div> 
       <div>
         const result = sum(7, 4);
       </div> 
       <div>    
        <div>
         <div>
          1
         </div>
        </div>  
        <div>
         <div>
          const result = sum(7, 4);
         </div>
        </div>   
       </div> 
      </div>  
      <p>Aclarado lo anterior, en las definiciones de funciones suelen haber parámetros que son opcionales, como en este caso en la documentación de la Mozilla Developer Network (MDN) sobre el método filter tenemos: https://developer.mozilla.org/en-US/docs/Web/JavaScript/Reference/Global_Objects/Array/filter</p> 
      <div> 
       <div> 
        <div>
         <div>
          <div></div>
         </div>
         <div>
          <div></div>
         </div>
         <div>
          <div></div>
         </div>
         <div>
          <div></div>
         </div>
         <div>
          <div></div>
         </div>
         <div>
          <div></div>
         </div>
        </div>
       </div> 
       <div></div> 
       <div>
         var newArray = arr.filter(callback(element[, index[, array]])[, thisArg]);
       </div> 
       <div>    
        <div>
         <div>
          1
         </div>
        </div>  
        <div>
         <div>
          var newArray = arr.filter(callback(element[, index[, array]])[, thisArg]);
         </div>
        </div>   
       </div> 
      </div>  
      <p>Lo que quiere decir que el único parámetro requerido por “filter” es un “callback” y a su vez este “callback” tiene como único parámetro requerido al “element” que es precisamente cada uno de los elementos disponibles durante el ciclo (loop). Los parámetros opcionales son los que están entre corchetes”[ ]”</p> 
      <div> 
       <div> 
        <div>
         <div>
          <div></div>
         </div>
         <div>
          <div></div>
         </div>
         <div>
          <div></div>
         </div>
         <div>
          <div></div>
         </div>
         <div>
          <div></div>
         </div>
         <div>
          <div></div>
         </div>
        </div>
       </div> 
       <div></div> 
       <div>
         var filtrarNumerosPares = function(numero) { return numero % 2 === 0; }; var numerosPares = [3,4, 7, -1].filter(filtrarNumerosPares); console.log(numerosPares); // 4 es el único número par
       </div> 
       <div>    
        <div>
         <div>
          1
         </div>
         <div>
          2
         </div>
         <div>
          3
         </div>
         <div>
          4
         </div>
         <div>
          5
         </div>
         <div>
          6
         </div>
         <div>
          7
         </div>
        </div>  
        <div>
         <div>
          var filtrarNumerosPares = function(numero) {
         </div>
         <div> return numero % 2 === 0;
         </div>
         <div>
          };
         </div>
         <div>
          &nbsp;
         </div>
         <div>
          var numerosPares = [3,4, 7, -1].filter(filtrarNumerosPares);
         </div>
         <div>
          &nbsp;
         </div>
         <div>
          console.log(numerosPares); // 4 es el único número par
         </div>
        </div>   
       </div> 
      </div>  
      <p>De hecho de manera equivalente podríamos escribir nuestro “filter” así:</p> 
      <div> 
       <div> 
        <div>
         <div>
          <div></div>
         </div>
         <div>
          <div></div>
         </div>
         <div>
          <div></div>
         </div>
         <div>
          <div></div>
         </div>
         <div>
          <div></div>
         </div>
         <div>
          <div></div>
         </div>
        </div>
       </div> 
       <div></div> 
       <div>
         var filtered = [3,4, 7, -1].filter(function(numero) { return numero % 2 === 0; });
       </div> 
       <div>    
        <div>
         <div>
          1
         </div>
         <div>
          2
         </div>
         <div>
          3
         </div>
        </div>  
        <div>
         <div>
          var filtered = [3,4, 7, -1].filter(function(numero) {
         </div>
         <div> return numero % 2 === 0;
         </div>
         <div>
          });
         </div>
        </div>   
       </div> 
      </div>  
      <p>Y más aún, en ES2015 podríamos reducir nuestra instrucción a una sola línea, usando un “return” implícito:</p> 
      <div> 
       <div> 
        <div>
         <div>
          <div></div>
         </div>
         <div>
          <div></div>
         </div>
         <div>
          <div></div>
         </div>
         <div>
          <div></div>
         </div>
         <div>
          <div></div>
         </div>
         <div>
          <div></div>
         </div>
        </div>
       </div> 
       <div></div> 
       <div>
         var filtered = [12, 5, 8, 130, 44].filter(numero =&gt; numero % 2 === 0);
       </div> 
       <div>    
        <div>
         <div>
          1
         </div>
        </div>  
        <div>
         <div>
          var filtered = [12, 5, 8, 130, 44].filter(numero =&gt; numero % 2 === 0);
         </div>
        </div>   
       </div> 
      </div>  
      <p></p> Y el objeto “arguments” ¿para qué sirve? 
      <p>Otra cosa interesante es que JavaScript tiene una variable local implícita llamada&nbsp; arguments,&nbsp;la cual te da la posibilidad de acceder a los argumentos del llamado a tu función.</p> 
      <p>Imagina que quieres validar que SIEMPRE te manden un cierto número de argumentos para que tu función se ejecute correctamente, eso lo podrías lograr con algo como esto:</p> 
      <div> 
       <div> 
        <div>
         <div>
          <div></div>
         </div>
         <div>
          <div></div>
         </div>
         <div>
          <div></div>
         </div>
         <div>
          <div></div>
         </div>
         <div>
          <div></div>
         </div>
         <div>
          <div></div>
         </div>
        </div>
       </div> 
       <div></div> 
       <div>
         function sum(a, b) { if(arguments.length !== 2) { throw new Error(""Unable to run, the sum() function needs TWO arguments...""); } return a + b; } /* Mandará un error porque sólo hemos pasado ""un solo argumento"" */ const result = sum(7);
       </div> 
       <div>    
        <div>
         <div>
          1
         </div>
         <div>
          2
         </div>
         <div>
          3
         </div>
         <div>
          4
         </div>
         <div>
          5
         </div>
         <div>
          6
         </div>
         <div>
          7
         </div>
         <div>
          8
         </div>
         <div>
          9
         </div>
        </div>  
        <div>
         <div>
          function sum(a, b) {
         </div>
         <div> if(arguments.length !== 2) {
         </div>
         <div> throw new Error(""Unable to run, the sum() function needs TWO arguments..."");
         </div>
         <div> }
         </div>
         <div> return a + b;
         </div>
         <div>
          }
         </div>
         <div>
          &nbsp;
         </div>
         <div>
          /* Mandará un error porque sólo hemos pasado ""un solo argumento"" */
         </div>
         <div>
          const result = sum(7);
         </div>
        </div>   
       </div> 
      </div>  
      <p></p> ¿Te gustaría aprender más sobre JavaScript? 
      <p>Adquiere nuestro Curso Profesional de JavaScript Avanzado y aprende entre otras cosas: patrones de diseño, promesas, ES2015+,&nbsp; y mucho más.</p> 
      <div></div> 
      <p>&nbsp;</p> 
      <p>Saludos.</p> 
      <div>
       <div>
        Share this:
        <div>
         Haz clic para compartir en Twitter (Se abre en una ventana nueva)Haz clic para compartir en Facebook (Se abre en una ventana nueva)
        </div>
       </div>
      </div> 
      <div> Relacionado 
      </div> 
     </div> 
     <div> Publicado por 
      <div>  
      </div> 
      <div> Alex Arriaga 
       <p> Alex es un profesional de la tecnología con mucha experiencia en entornos reales de producción. Disfruta compartiendo su conocimiento a través de su blog. Ha dirigido numerosos talleres y el desarrollo y entrega de muchos cursos de capacitación para desarrolladores e ingenieros de toda América Latina. Conferencista internacional. Miembro fundador de Webtraining. Su experiencia incluye, Tecnologías Web, Sistemas de gestión de contenido de código abierto, Tecnologías y bibliotecas de front-end, Task Runners. NPM, CSS3, HTML5, web móvil, Servidores Web, Servidores de Aplicaciones, Sistemas operativos tipo UNIX y, Investigación: Sistemas complejos, Inteligencia Artificial, Computación Gráfica y Simulación Computacional.  Ver todas las entradas de Alex Arriaga  </p> 
      </div> 
     </div>  Publicado el 24/10/201824/10/2018Autor Alex ArriagaCategorías Front-end, JavaScriptEtiquetas javascript   
     <div> 
      <div> Deja un comentario Cancelar respuesta  
       <p>Tu dirección de correo electrónico no será publicada. Los campos obligatorios están marcados con *</p>
       <p>Comentario </p>
       <p>Nombre * </p> 
       <p>Correo electrónico * </p> 
       <p>Web </p> 
       <p> Recibir un email con los siguientes comentarios a esta entrada.</p>
       <p> Recibir un email con cada nueva entrada.</p>
       <p>   </p>
       <p></p>
       <p></p>  
      </div> 
     </div>  Navegación de entradas 
     <div>
      <div>
       Anterior Entrada anterior: ¿Dónde descargar imágenes gratis para tus proyectos?
      </div>
      <div>
       Siguiente Siguiente entrada: Agregar widgets en un Fragmento de Página en Liferay 7. 1
      </div>
     </div>   
    </div> 
   </div>  
   <div>  Creado con WordPress  
   </div>  
  </div>   
  <div></div>  
  <div> 
   <div> 
   </div> 
  </div>                        
 </body>
</body>",
